"0","library(readxl)"
"0","library(tidyverse)"
"0","library(ggraptR)"
"0","library(caret)"
"0","library(mice) #missing values"
"0","library(naniar) #missing values"
"0","library(UpSetR) #missing values"
"0","#library(imputeLCMD) #missing values"
"0","library(knitr) #tables"
"0","library(mixOmics) #omics tools"
"0","library(ropls) #omics tools"
"0","library(corrplot) #correlation matrix"
"0","library(cowplot) #publication-ready plots"
"0","library(bestNormalize) #data transformation"
"0","library(ComplexHeatmap) #circos legends"
"0","library(circlize) #circos plots"
"0","library(xtable) #laTeX output"
