"0","outlierPca.dataMatrix <- dataMatrix %>%"
"0","  tibble::column_to_rownames(""ID"")  %>%"
"0","  ropls::opls()"
"2","The variance of the 6 following variables is less than 2.2e-16 in the full or partial (cross-validation) dataset: these variables will be removed:
XXL_VLDL_P, XL_VLDL_P, L_VLDL_P, M_VLDL_P, S_VLDL_P, XS_VLDL_P"
"1","PCA"
"1",""
"1","
"
"1","110"
"1",""
"1"," samples x "
"1",""
"1","132"
"1",""
"1"," variables"
"1",""
"1",""
"1",""
"1","
"
"1","standard"
"1",""
"1"," scaling of predictors"
"1",""
"1",""
"1",""
"1","
"
"1","53 (0%)"
"1",""
"1"," NAs
"
"1","6"
"1",""
"1"," excluded variables (near zero variance)
"
